Crop,Nitrogen,Phosphorus,Potassium,Rainfall,Yield
Soybean,82,70,34,171,3705
Cotton,115,57,61,100,2676
Sugarcane,71,28,62,196,2627
Soybean,115,13,32,70,1481
Maize,23,44,25,54,2391
Millet,113,73,66,259,5517
Sugarcane,42,58,48,141,2824
Sugarcane,34,26,62,219,2030
Soybean,62,53,51,110,3820
Wheat,48,39,67,71,1910
Maize,55,55,48,198,2848
Soybean,32,15,23,119,1564
Maize,51,46,14,50,1932
Maize,90,33,44,182,3417
Millet,78,55,27,282,3851
Sugarcane,105,62,18,61,2731
Cotton,47,69,67,139,3232
Millet,85,72,26,95,2779
Millet,61,41,16,83,2271
Maize,64,42,55,226,3392
Barley,81,76,22,127,3363
Sugarcane,76,27,49,267,3607
Wheat,25,34,51,94,1541
Millet,47,63,18,204,2890
Cotton,47,67,59,122,3035
Barley,63,76,36,75,1946
Barley,103,55,75,298,4307
Wheat,49,33,14,96,2055
Millet,81,41,38,170,3791
Cotton,94,56,46,263,4269
Sugarcane,111,32,47,288,4845
Rice,108,75,17,105,3015
Cotton,81,36,74,143,3227
Wheat,116,11,26,156,3314
Barley,20,26,54,112,548
Sugarcane,46,42,13,97,2564
Cotton,81,18,45,110,1500
Rice,96,52,79,130,4002
Rice,22,57,40,75,2132
Maize,89,48,28,85,1446
Maize,91,51,70,50,1782
Soybean,46,35,63,57,2741
Wheat,28,59,48,162,3025
Millet,81,34,28,148,2202
Cotton,56,33,48,229,2420
Cotton,116,22,76,256,4300
Millet,70,69,54,96,2891
Soybean,63,16,22,176,2764
Barley,43,66,67,105,2871
Barley,98,45,29,263,4406
Soybean,78,54,70,63,3318
Barley,51,29,48,267,3288
Maize,115,74,10,77,2921
Cotton,107,17,12,264,3036
Soybean,71,25,71,127,2684
Cotton,81,23,72,265,4456
Millet,77,24,34,179,2474
Rice,71,75,65,158,3535
Maize,31,41,42,203,1269
Sugarcane,58,72,47,63,2856
Maize,21,60,15,236,3493
Soybean,22,34,67,105,1466
Sugarcane,75,67,53,164,4866
Rice,100,72,54,56,3275
Soybean,78,71,41,52,1405
Wheat,21,31,54,160,1834
Cotton,21,67,70,200,3484
Rice,111,67,56,287,5463
Cotton,73,58,30,156,3230
Barley,106,61,45,288,4995
Wheat,115,51,28,286,3458
Wheat,116,79,29,67,2972
Rice,20,24,66,299,1903
Wheat,38,63,27,87,1728
Sugarcane,21,69,56,276,3463
Wheat,72,17,58,164,2790
Cotton,63,62,23,64,2672
Cotton,109,69,24,241,3439
Soybean,51,14,40,266,2225
Cotton,89,77,10,168,3301
Soybean,51,15,63,278,2663
Cotton,87,56,12,77,3132
Sugarcane,74,64,25,251,3069
Millet,94,49,66,88,2850
Soybean,75,61,21,234,3446
Maize,36,25,25,66,1225
Barley,57,22,33,280,2231
Rice,43,39,37,135,1608
Cotton,88,28,17,267,3429
Wheat,117,26,45,175,2712
Millet,89,72,17,93,3532
Cotton,105,28,67,74,2605
Wheat,30,67,69,194,3222
Barley,35,64,59,62,1877
Barley,116,71,37,261,3809
Barley,92,32,50,74,2757
Wheat,78,18,73,117,3226
Cotton,89,21,36,187,2758
Barley,99,10,72,116,2872
Sugarcane,112,67,26,282,4557
Soybean,22,10,42,158,2080
Wheat,39,43,38,195,2436
Wheat,78,57,22,160,2652
Cotton,55,10,55,277,2921
Wheat,38,25,44,160,2014
Wheat,109,70,15,263,4096
Barley,86,73,78,83,2763
Cotton,38,72,56,160,2932
Barley,39,78,34,57,1786
Soybean,115,31,75,217,4384
Millet,90,76,19,162,2925
Soybean,71,35,65,285,3232
Millet,52,25,39,132,2352
Barley,59,60,14,91,2207
Soybean,58,66,42,218,4310
Cotton,101,38,74,150,2646
Rice,20,78,27,55,1835
Barley,30,56,58,229,3411
Millet,111,71,20,75,2802
Sugarcane,76,78,35,113,2535
Millet,108,25,72,275,3579
Sugarcane,69,57,68,236,2773
Wheat,42,48,36,233,3405
Soybean,50,42,58,108,2209
Sugarcane,113,32,42,158,3064
Millet,61,19,10,247,1415
Wheat,118,78,30,278,3679
Rice,26,43,64,170,3128
Cotton,35,61,15,82,1968
Cotton,109,19,78,230,4376
Cotton,79,28,14,199,3175
Sugarcane,21,67,12,70,1088
Rice,20,10,62,247,3489
Sugarcane,67,78,32,119,3830
Soybean,31,13,62,296,2439
Sugarcane,88,25,46,161,1100
Rice,56,33,26,53,1582
Rice,51,11,10,143,1831
Soybean,28,41,60,124,1848
Rice,118,33,54,239,3790
Millet,38,21,13,111,1092
Rice,67,59,71,143,3598
Cotton,99,44,74,144,3504
Millet,22,42,41,201,2724
Millet,39,42,43,104,2650
Soybean,43,70,48,186,1807
Maize,73,60,35,296,3259
Maize,52,52,43,180,2421
Rice,43,21,63,292,4272
Millet,94,76,12,80,2916
Maize,91,74,59,89,3694
Maize,55,42,21,278,1988
Rice,57,49,74,85,2679
Maize,103,52,63,201,4293
Sugarcane,118,53,14,272,4336
Wheat,108,38,66,55,3322
Soybean,118,22,26,115,2875
Wheat,44,21,56,261,2807
Rice,112,55,32,269,3158
Cotton,37,11,23,124,1086
Soybean,101,44,75,53,3173
Rice,85,17,60,128,2361
Millet,73,35,47,183,3244
Cotton,54,43,73,167,3124
Wheat,99,16,47,162,3640
Rice,80,77,59,143,3908
Millet,60,67,39,297,3692
Soybean,119,38,60,279,4609
Soybean,52,45,72,228,3682
Barley,87,30,61,111,2576
Millet,52,45,47,234,2795
Sugarcane,33,19,39,243,2279
Maize,40,33,60,128,1998
Cotton,67,73,14,252,3788
Millet,39,58,38,185,2272
Barley,27,45,13,75,2075
Maize,26,33,19,228,1932
Maize,86,32,65,222,3670
Rice,36,71,26,93,2200
Maize,52,46,26,182,2014
Sugarcane,67,21,78,119,2622
Soybean,95,64,43,203,3804
Barley,78,22,15,167,2386
Maize,105,32,62,117,2492
Rice,41,39,75,68,3023
Sugarcane,49,26,52,261,2915
Wheat,57,71,32,274,2999
Soybean,70,22,64,69,3109
Soybean,73,68,25,162,3279
Barley,27,28,17,189,1255
Soybean,46,58,13,96,1473
Maize,46,21,13,50,1210
Rice,117,70,65,139,4088
Soybean,40,28,34,191,2542
Soybean,49,18,76,113,2751
Wheat,116,37,76,87,3648
Wheat,47,61,36,86,2900
Cotton,83,25,41,175,2893
Sugarcane,116,78,59,188,3826
Maize,88,21,70,149,3015
